<?xml version="1.0" encoding="UTF-8"?><rss version="2.0"
	xmlns:content="http://purl.org/rss/1.0/modules/content/"
	xmlns:wfw="http://wellformedweb.org/CommentAPI/"
	xmlns:dc="http://purl.org/dc/elements/1.1/"
	xmlns:atom="http://www.w3.org/2005/Atom"
	xmlns:sy="http://purl.org/rss/1.0/modules/syndication/"
	xmlns:slash="http://purl.org/rss/1.0/modules/slash/"
	>

<channel>
	<title>Laser Cutting - Corten Group</title>
	<atom:link href="/category/laser-cutting/feed/" rel="self" type="application/rss+xml" />
	<link>/</link>
	<description>Creativity without boundaries</description>
	<lastBuildDate>Tue, 14 Nov 2023 15:09:53 +0000</lastBuildDate>
	<language>en-US</language>
	<sy:updatePeriod>
	hourly	</sy:updatePeriod>
	<sy:updateFrequency>
	1	</sy:updateFrequency>
	<generator>https://wordpress.org/?v=6.4.2</generator>

<image>
	<url>/wp-content/uploads/2023/11/cropped-CortenGroup_Logo-2-32x32.jpg</url>
	<title>Laser Cutting - Corten Group</title>
	<link>/</link>
	<width>32</width>
	<height>32</height>
</image> 
	<item>
		<title>laser Cutting</title>
		<link>/laser-cutting/</link>
		
		<dc:creator><![CDATA[admin]]></dc:creator>
		<pubDate>Tue, 14 Nov 2023 11:38:30 +0000</pubDate>
				<category><![CDATA[Laser Cutting]]></category>
		<guid isPermaLink="false">/?p=1222</guid>

					<description><![CDATA[<p>Laser-cutting technology has rapidly evolved, offering precise and clean edges that are ideal for custom designing across various industries. Metal fabricators continually upgrade their capabilities to stay at the forefront of these advancements.These advancements enable manufacturers to cut faster and more efficiently, leading to a growing demand for intricate, custom-designed products. Laser cutting is a &#8230;</p>
<p class="read-more"> <a class="" href="/laser-cutting/"> <span class="screen-reader-text">laser Cutting</span> Read More &#187;</a></p>
<p>The post <a href="/laser-cutting/">laser Cutting</a> first appeared on <a href="/">Corten Group</a>.</p>]]></description>
		
		
		
			</item>
	</channel>
</rss>
