<?xml version="1.0" encoding="UTF-8"?><rss version="2.0"
	xmlns:content="http://purl.org/rss/1.0/modules/content/"
	xmlns:wfw="http://wellformedweb.org/CommentAPI/"
	xmlns:dc="http://purl.org/dc/elements/1.1/"
	xmlns:atom="http://www.w3.org/2005/Atom"
	xmlns:sy="http://purl.org/rss/1.0/modules/syndication/"
	xmlns:slash="http://purl.org/rss/1.0/modules/slash/"
	>

<channel>
	<title>metal customizing - Corten Group</title>
	<atom:link href="/category/metal-customizing/feed/" rel="self" type="application/rss+xml" />
	<link>/</link>
	<description>Creativity without boundaries</description>
	<lastBuildDate>Tue, 14 Nov 2023 15:15:13 +0000</lastBuildDate>
	<language>en-US</language>
	<sy:updatePeriod>
	hourly	</sy:updatePeriod>
	<sy:updateFrequency>
	1	</sy:updateFrequency>
	<generator>https://wordpress.org/?v=6.4.2</generator>

<image>
	<url>/wp-content/uploads/2023/11/cropped-CortenGroup_Logo-2-32x32.jpg</url>
	<title>metal customizing - Corten Group</title>
	<link>/</link>
	<width>32</width>
	<height>32</height>
</image> 
	<item>
		<title>Metal manufacturing</title>
		<link>/metal-manufacturing/</link>
		
		<dc:creator><![CDATA[admin]]></dc:creator>
		<pubDate>Tue, 14 Nov 2023 14:41:45 +0000</pubDate>
				<category><![CDATA[metal customizing]]></category>
		<guid isPermaLink="false">/?p=1307</guid>

					<description><![CDATA[]]></description>
		
		
		
			</item>
	</channel>
</rss>
